[{"source": {"id": "buzzfeed", "name": "Buzzfeed"}, "author": "[{\"@type\":\"Person\",\"name\":\"Matt Stopera\",\"url\":\"https://www.buzzfeed.com/mjs538\",\"jobTitle\":\"BuzzFeed Staff\"}]", "title": "These Are 29 Of The Funniest People In The World \u2014 Do You Think They Are Actually Funny Or Not?", "description": "Are these comedians actually funny or not?View Entire Post \u203a", "url": "https://www.buzzfeed.com/mjs538/are-these-people-funny", "urlToImage": "https://img.buzzfeed.com/buzzfeed-static/static/2021-03/9/21/enhanced/2cfb156f3337/original-12983-1615324559-12.jpg?crop=1581:830;0,0%26downsize=1250:*", "publishedAt": "2021-03-12T23:50:02Z", "content": "Are these comedians actually funny or not?"}, {"source": {"id": "buzzfeed", "name": "Buzzfeed"}, "author": "[{\"@type\":\"Person\",\"name\":\"Coconut_Vanilla\",\"url\":\"https://www.buzzfeed.com/strawberrycake97\",\"jobTitle\":\"Community Contributor\"}]", "title": "Which \"Aladdin\" Character Are You Based On What You Eat At This French Buffet?", "description": "Are you the diamond in the rough?View Entire Post \u203a", "url": "https://www.buzzfeed.com/strawberrycake97/pick-some-french-foods-to-try-and-weall-tell-you-8p0gk7pje6", "urlToImage": "https://img.buzzfeed.com/buzzfeed-static/static/2021-03/16/15/enhanced/2eef8e9a48e0/original-7750-1615907176-23.jpg?crop=2994:1567;0,305%26downsize=1250:*", "publishedAt": "2021-03-12T23:21:00Z", "content": "Sign up to the BuzzFeed Quizzes Newsletter - Binge on the latest quizzes delivered right to your inbox with the Quizzes newsletter!"}, {"source": {"id": "buzzfeed", "name": "Buzzfeed"}, "author": "[{\"@type\":\"Person\",\"name\":\"Hannah Dobrogosz\",\"url\":\"https://www.buzzfeed.com/hannahdobro\",\"jobTitle\":\"BuzzFeed Staff\"}]", "title": "We Know What Season You Should Get Married In \u2014 Choose Some Food For Your Wedding To Find Out", "description": "Are you destined to have a spring wedding?View Entire Post \u203a", "url": "https://www.buzzfeed.com/hannahdobro/season-youll-get-married-based-on-food", "urlToImage": "https://img.buzzfeed.com/buzzfeed-static/static/2021-03/10/14/enhanced/8c86bcedc587/original-14285-1615386900-2.jpg?crop=1243:650;0,89%26downsize=1250:*", "publishedAt": "2021-03-12T23:20:36Z", "content": "You've generously decided to provide your guests with three different dinner options! What's the first choice?"}, {"source": {"id": "buzzfeed", "name": "Buzzfeed"}, "author": "[{\"@type\":\"Person\",\"name\":\"Abby Kass\",\"url\":\"https://www.buzzfeed.com/abbykass\",\"jobTitle\":\"BuzzFeed Staff\"}]", "title": "Want To Make Your Home Even Cozier? These 33 Things Will Help", "description": "Once you hang a eucalyptus bundle from your shower, there's really no going back.View Entire Post \u203a", "url": "https://www.buzzfeed.com/abbykass/cozy-home-things", "urlToImage": "https://img.buzzfeed.com/buzzfeed-static/static/2021-03/11/16/enhanced/a0cd6af14b09/original-16389-1615480256-21.jpg?crop=1581:830;0,0%26downsize=1250:*", "publishedAt": "2021-03-12T23:06:06Z", "content": null}, {"source": {"id": "buzzfeed", "name": "Buzzfeed"}, "author": "[{\"@type\":\"Person\",\"name\":\"Daniella Emanuel\",\"url\":\"https://www.buzzfeed.com/daniellaemanuel\",\"jobTitle\":\"BuzzFeed Staff\"}]", "title": "12 Things People Actually Have In Their Homes That Are Honestly Surreal", "description": "Tell me you don't need the stimulus check, without TELLING me you don't need the stimulus check.View Entire Post \u203a", "url": "https://www.buzzfeed.com/daniellaemanuel/people-tiktok-coolest-houses", "urlToImage": "https://img.buzzfeed.com/buzzfeed-static/static/2021-03/12/22/enhanced/795629e5ca23/original-2113-1615587505-36.jpg?crop=1250:654;0,26%26downsize=1250:*", "publishedAt": "2021-03-12T23:06:06Z", "content": "Tell me you don't need the stimulus check, without TELLING me you don't need the stimulus check."}, {"source": {"id": "buzzfeed", "name": "Buzzfeed"}, "author": "[{\"@type\":\"Person\",\"name\":\"Victoria Vouloumanos\",\"url\":\"https://www.buzzfeed.com/victoriavouloumanos\",\"jobTitle\":\"BuzzFeed Staff\"}]", "title": "How To Cope With WFH Stress, Anxiety, And Burnout One Year Into Lockdown, According To Esther Perel", "description": "We had questions around mental health, burning out, broken routines, and workplace resentments, and she answered every single one of them.View Entire Post \u203a", "url": "https://www.buzzfeed.com/victoriavouloumanos/esther-perel-interview-working-during-pandemic", "urlToImage": "https://img.buzzfeed.com/buzzfeed-static/static/2021-01/20/21/enhanced/d40f0494ab2a/original-19786-1611176774-15.jpg?crop=1581:830;0,0%26downsize=1250:*", "publishedAt": "2021-03-12T22:51:09Z", "content": null}, {"source": {"id": "buzzfeed", "name": "Buzzfeed"}, "author": "[{\"@type\":\"Person\",\"name\":\"Ehis Osifo\",\"url\":\"https://www.buzzfeed.com/ehisosifo1\",\"jobTitle\":\"BuzzFeed Staff\"}]", "title": "Victoria Justice Got Matthew Daddario His Role On \"Trust\" Since She Worked With Him On \"Naomi And Ely\"", "description": "Matthew Daddario: \"You mean to tell me there was a day that y'all did pickle-back shots and I wasn't there???\"View Entire Post \u203a", "url": "https://www.buzzfeed.com/ehisosifo1/victoria-justice-matthew-daddario-then-and-now-profile", "urlToImage": "https://img.buzzfeed.com/buzzfeed-static/static/2021-03/12/21/enhanced/34af24dde903/original-1994-1615584844-43.jpg?crop=1600:837;0,120%26downsize=1250:*", "publishedAt": "2021-03-12T22:35:03Z", "content": "Matthew Daddario: OK, so there are the scenes that you like filming and the scenes that just turn out well like there was a scene we filmed in Central Park that [looked great] but it was freezing tha\u2026 [+1488 chars]"}, {"source": {"id": "buzzfeed", "name": "Buzzfeed"}, "author": "[{\"@type\":\"Person\",\"name\":\"Kristen Harris\",\"url\":\"https://www.buzzfeed.com/kristenharris1\",\"jobTitle\":\"BuzzFeed Staff\"}]", "title": "You Have $1,000 To Design The Bedroom Of Your Dreams \u2014 Can You Stay Under Budget?", "description": "It's a bit of a fixer upper.View Entire Post \u203a", "url": "https://www.buzzfeed.com/kristenharris1/1000-dollar-bedroom-makeover-quiz", "urlToImage": "https://img.buzzfeed.com/buzzfeed-static/static/2021-03/9/18/enhanced/682fe1e39732/original-12833-1615315065-19.jpg?crop=1243:651;0,70%26downsize=1250:*", "publishedAt": "2021-03-12T22:21:34Z", "content": "It's a bit of a fixer upper."}, {"source": {"id": "buzzfeed", "name": "Buzzfeed"}, "author": "[{\"@type\":\"Person\",\"name\":\"Krista Torres\",\"url\":\"https://www.buzzfeed.com/kristatorres\",\"jobTitle\":\"BuzzFeed Staff\"}]", "title": "Ranch Dressing Isn't Really A Thing In The UK, So This British Girl Fell In Love Trying It For The First Time And It's So Wholesome", "description": "Dawn Farmer had never even heard of ranch before.View Entire Post \u203a", "url": "https://www.buzzfeed.com/kristatorres/tiktok-viral-ranch-dressing-british-woman", "urlToImage": "https://img.buzzfeed.com/buzzfeed-static/static/2021-03/12/5/enhanced/a049ab2703e1/original-773-1615525226-2.jpg?crop=1246:653;0,12%26downsize=1250:*", "publishedAt": "2021-03-12T22:21:34Z", "content": "Dawn Farmer had never even heard of ranch before."}, {"source": {"id": "buzzfeed", "name": "Buzzfeed"}, "author": "[{\"@type\":\"Person\",\"name\":\"Stephen LaConte\",\"url\":\"https://www.buzzfeed.com/stephenlaconte\",\"jobTitle\":\"BuzzFeed Staff\"}]", "title": "Jennifer Lopez And Alex Rodriguez Have Reportedly Split", "description": "JLo and ARod are reportedly no more.View Entire Post \u203a", "url": "https://www.buzzfeed.com/stephenlaconte/jennifer-lopez-alex-rodriguiz-breakup", "urlToImage": "https://img.buzzfeed.com/buzzfeed-static/static/2021-03/12/21/asset/a01eb3f5f7bd/sub-buzz-2026-1615586225-16.jpg?crop=1024:536;0,39%26downsize=1250:*", "publishedAt": "2021-03-12T22:21:34Z", "content": "Hector Retamal / Getty Images\r\nMadison, for her part, says the rumors are true but insists it never escalated past FaceTiming: \"Hes never physically cheated on his fianc\u00e9e with me, she told Page Six \u2026 [+10 chars]"}, {"source": {"id": "buzzfeed", "name": "Buzzfeed"}, "author": "[{\"@type\":\"Person\",\"name\":\"BuzzFeed Daily\",\"url\":\"https://www.buzzfeed.com/daily\",\"jobTitle\":\"BuzzFeed Contributor\"}]", "title": "Listen: Introverts Totally Get How A Year Of COVID-19 Lockdown Has Changed Us All", "description": "\u201cI don\u2019t know how I used to get up at 7, and then be ready by 8:30 to get on the train to the office, and somehow be ready to talk to people. I feel like this is going to be a long adjustment of learning how to be human again.\u201dView Entire Post \u203a", "url": "https://www.buzzfeed.com/daily/introverts-survival-covid-19", "urlToImage": "https://img.buzzfeed.com/buzzfeed-static/static/2021-03/12/22/campaign_images/d4979d05ff4c/listen-introverts-totally-get-how-a-year-of-covid-2-2072-1615587491-31_dblbig.jpg", "publishedAt": "2021-03-12T22:21:34Z", "content": "Theres been a lot of focus on how hard this has been for extroverts--people that crave human interaction. But, things havent necessarily been easy on introverts either. Today we spoke with BuzzFeed N\u2026 [+376 chars]"}, {"source": {"id": "buzzfeed", "name": "Buzzfeed"}, "author": "[{\"@type\":\"Person\",\"name\":\"Kristen Harris\",\"url\":\"https://www.buzzfeed.com/kristenharris1\",\"jobTitle\":\"BuzzFeed Staff\"}]", "title": "I'm Slightly Puzzled But Pleasantly Surprised At The Way Taylor Swift Released Her Re-Recording Of \"Wildest Dreams\"", "description": "BIG horse girl energy.View Entire Post \u203a", "url": "https://www.buzzfeed.com/kristenharris1/taylor-swift-wildest-dreams-spirit-trailer", "urlToImage": "https://img.buzzfeed.com/buzzfeed-static/static/2021-03/12/21/enhanced/076b975ceb77/original-2008-1615585343-5.jpg?crop=1243:651;4,30%26downsize=1250:*", "publishedAt": "2021-03-12T22:06:12Z", "content": "Billboard / Via giphy.com*Okay, it's Scooter Braun."}, {"source": {"id": "buzzfeed", "name": "Buzzfeed"}, "author": "[{\"@type\":\"Person\",\"name\":\"Alexa Lisitza\",\"url\":\"https://www.buzzfeed.com/alexalisitza\",\"jobTitle\":\"BuzzFeed Staff\"}]", "title": "Do Salons Have Experience Working With Your Hair Type? This TikToker Wants You To Acknowledge That Privilege", "description": "\"If you don't know how to do ALL hair types, then you shouldn't be called a stylist.\"View Entire Post \u203a", "url": "https://www.buzzfeed.com/alexalisitza/black-hair-salon-stylists", "urlToImage": "https://img.buzzfeed.com/buzzfeed-static/static/2021-03/12/20/enhanced/2eef8e9a48e0/original-1932-1615580602-22.jpg?crop=1243:651;0,27%26downsize=1250:*", "publishedAt": "2021-03-12T22:06:12Z", "content": "\"If you don't know how to do ALL hair types, then you shouldn't be called a stylist.\""}, {"source": {"id": "buzzfeed", "name": "Buzzfeed"}, "author": "[{\"@type\":\"Person\",\"name\":\"Rebecca Norris\",\"url\":\"https://www.buzzfeed.com/beccan9\",\"jobTitle\":\"BuzzFeed Contributor\"}]", "title": "28 Splurge-Worthy Products From Wayfair You\u2019ll Probably Thank Yourself For Buying", "description": "From high-quality furniture and kitchen gadgets to incredibly relaxing massage chairs, you'll be stoked about these products on a daily basis.View Entire Post \u203a", "url": "https://www.buzzfeed.com/beccan9/wayfair-splurge-furniture", "urlToImage": "https://img.buzzfeed.com/buzzfeed-static/static/2021-03/8/20/enhanced/954e251d8ee7/original-10957-1615234248-21.jpg?crop=1244:651;0,89%26downsize=1250:*", "publishedAt": "2021-03-12T22:05:40Z", "content": null}, {"source": {"id": "buzzfeed", "name": "Buzzfeed"}, "author": "[{\"@type\":\"Person\",\"name\":\"Lauren Garafano\",\"url\":\"https://www.buzzfeed.com/laurengarafano\",\"jobTitle\":\"BuzzFeed Staff\"}]", "title": "It's Time To Decide Which Celebrities Of The Same Age You Like The Most", "description": "Who are you stanning these days?View Entire Post \u203a", "url": "https://www.buzzfeed.com/laurengarafano/famous-person-of-same-age-poll", "urlToImage": "https://img.buzzfeed.com/buzzfeed-static/static/2021-03/9/17/enhanced/ef450f789392/original-12725-1615312328-10.jpg?crop=1244:651;1,76%26downsize=1250:*", "publishedAt": "2021-03-12T21:51:10Z", "content": "Finally, which 71-year-old celeb do you prefer?"}, {"source": {"id": "buzzfeed", "name": "Buzzfeed"}, "author": "[{\"@type\":\"Person\",\"name\":\"victorianelms42\",\"url\":\"https://www.buzzfeed.com/victorianelms42\",\"jobTitle\":\"Community Contributor\"}]", "title": "What Book Series Should You Read Based On Your Food Choices?", "description": "Food and books? A great combo if you ask me.View Entire Post \u203a", "url": "https://www.buzzfeed.com/victorianelms42/what-book-series-should-you-read-based-on-your-foo-3p1idcpimu", "urlToImage": "https://img.buzzfeed.com/buzzfeed-static/static/2021-03/12/18/enhanced/a248474ef65d/original-1670-1615572689-24.jpg?crop=1018:533;0,51%26downsize=1250:*", "publishedAt": "2021-03-12T21:33:43Z", "content": "Sign up to the BuzzFeed Quizzes Newsletter - Binge on the latest quizzes delivered right to your inbox with the Quizzes newsletter!"}, {"source": {"id": "buzzfeed", "name": "Buzzfeed"}, "author": "[{\"@type\":\"Person\",\"name\":\"Natasha Jokic\",\"url\":\"https://www.buzzfeed.com/natashajokic1\",\"jobTitle\":\"BuzzFeed Staff\"}]", "title": "Yes, We Asked Joshua Bassett What He Thinks About All The \"Drivers License\" Questions", "description": "\"Just because you're hurting, doesn't mean you have to make me hurt as well.\"View Entire Post \u203a", "url": "https://www.buzzfeed.com/natashajokic1/joshua-bassett-interview-listening-party", "urlToImage": "https://img.buzzfeed.com/buzzfeed-static/static/2021-03/12/17/enhanced/795629e5ca23/original-1683-1615570720-4.png?crop=1600:837;0,68%26downsize=1250:*", "publishedAt": "2021-03-12T21:25:54Z", "content": "When I first wrote it, I didn't have the guitar part where I go all the way up the guitar and do these different weird chords. I just kept fine-tuning it. There are three verses that nobody will ever\u2026 [+1103 chars]"}, {"source": {"id": "buzzfeed", "name": "Buzzfeed"}, "author": "[{\"@type\":\"Person\",\"name\":\"Stephanie Hope\",\"url\":\"https://www.buzzfeed.com/stephaniehope\",\"jobTitle\":\"BuzzFeed Contributor\"}]", "title": "All The Best Deals At Target Right Now", "description": "Deals on Apple AirPods, vacuums, headphones, Instant Pots, and more.View Entire Post \u203a", "url": "https://www.buzzfeed.com/stephaniehope/all-the-best-deals-at-target-right-now-31221", "urlToImage": "https://img.buzzfeed.com/buzzfeed-static/static/2021-03/12/21/enhanced/2f8b05e43dc3/original-1952-1615583317-24.jpg?crop=1581:830;0,0%26downsize=1250:*", "publishedAt": "2021-03-12T21:22:22Z", "content": "Deals on Apple AirPods, vacuums, headphones, Instant Pots, and more."}, {"source": {"id": "buzzfeed", "name": "Buzzfeed"}, "author": "[{\"@type\":\"Person\",\"name\":\"Megan Liscomb\",\"url\":\"https://www.buzzfeed.com/meganeliscomb\",\"jobTitle\":\"Personal Finance Editor\"}]", "title": "7 Things That Are In The New Coronavirus Stimulus \u2014 And 2 Things That Aren't", "description": "More checks are on the way, but not everyone will qualify.View Entire Post \u203a", "url": "https://www.buzzfeed.com/meganeliscomb/whats-in-the-american-rescue-plan", "urlToImage": "https://img.buzzfeed.com/buzzfeed-static/static/2021-03/11/19/enhanced/16114ac08f26/original-16612-1615491581-3.jpg?crop=2996:1569;0,0%26downsize=1250:*", "publishedAt": "2021-03-12T21:22:22Z", "content": null}, {"source": {"id": "buzzfeed", "name": "Buzzfeed"}, "author": "[{\"@type\":\"Person\",\"name\":\"Krista Torres\",\"url\":\"https://www.buzzfeed.com/kristatorres\",\"jobTitle\":\"BuzzFeed Staff\"}]", "title": "People Are Sharing Problems Their Doctors Completely Ignored That Turned Out To Be Major Health Issues", "description": "\"My 2-year-old started growing pubic hair and the pediatrician said it was 'just a burst of hormones'...she now has stage four adrenal cancer.\"View Entire Post \u203a", "url": "https://www.buzzfeed.com/kristatorres/tiktok-bad-doctors", "urlToImage": "https://img.buzzfeed.com/buzzfeed-static/static/2021-03/12/7/enhanced/a248474ef65d/original-905-1615535459-13.jpg?crop=1581:830;0,0%26downsize=1250:*", "publishedAt": "2021-03-12T21:06:17Z", "content": "\"My 2-year-old started growing pubic hair and the pediatrician said it was 'just a burst of hormones'...she now has stage four adrenal cancer.\""}]